{
      "que1": {
            "text": "A slug's blood is green.",
            "answer": "True"
      },
      "que2": {
            "text": "The loudest animal is the African Elephant.",
            "answer": "False"
      },
      "que3": {
            "text": "Approximately one quarter of human bones are in the feet.",
            "answer": "True"
      },
      "que4": {
            "text": "The total surface area of a human lungs is the size of a football pitch.",
            "answer": "True"
      },
      "que5": {
            "text": "In West Virginia, USA, if you accidentally hit an animal with your car, you are free to take it home to eat.",
            "answer": "True"
      },
      "que6": {
            "text": "In London, UK, if you happen to die in the House of Parliament, you are entitled to a state funeral.",
            "answer": "False"
      },
      "que7": {
            "text": "It is illegal to pee in the Ocean in Portugal.",
            "answer": "True"
      },
      "que8": {
            "text": "You can lead a cow down stairs but not up stairs.",
            "answer": "False"
      },
      "que9": {
            "text": "Google was originally called 'Backrub'.",
            "answer": "True"
      },
      "que10": {
            "text": "Buzz Aldrin's mother's maiden name was 'Moon'.",
            "answer": "True"
      },
      "que11": {
            "text": "No piece of square dry paper can be folded in half more than 7 times.",
            "answer": "False"
      },
      "que12": {
            "text": "A few ounces of chocolate can to kill a small dog.",
            "answer": "True"
      },
      "que13": {
            "text": "A slug's blood is green.",
            "answer": "True"
      },
      "que14": {
            "text": "The loudest animal is the African Elephant.",
            "answer": "False"
      },
      "que15": {
            "text": "Approximately one quarter of human bones are in the feet.",
            "answer": "True"
      },
      "que16": {
            "text": "The total surface area of a human lungs is the size of a football pitch.",
            "answer": "True"
      },
      "que17": {
            "text": "In West Virginia, USA, if you accidentally hit an animal with your car, you are free to take it home to eat.",
            "answer": "True"
      },
      "que18": {
            "text": "In London, UK, if you happen to die in the House of Parliament, you are entitled to a state funeral.",
            "answer": "False"
      },
      "que19": {
            "text": "It is illegal to pee in the Ocean in Portugal.",
            "answer": "True"
      },
      "que20": {
            "text": "You can lead a cow down stairs but not up stairs.",
            "answer": "False"
      },
      "que21": {
            "text": "Google was originally called 'Backrub'.",
            "answer": "True"
      },
      "que22": {
            "text": "Buzz Aldrin's mother's maiden name was 'Moon'.",
            "answer": "True"
      },
      "que23": {
            "text": "No piece of square dry paper can be folded in half more than 7 times.",
            "answer": "False"
      },
      "que24": {
            "text": "A few ounces of chocolate can to kill a small dog.",
            "answer": "True"
      }
}